student_id,mean_attendance,std_attendance,mean_assignment,std_assignment,mean_midterm,std_midterm,mean_final,std_final,mean_gpa,std_gpa,gpa_range,mean_study_hours,std_study_hours,max_gpa_drop,attendance_score_corr,avg_extracurricular,has_part_time,inconsistency_label
STU20200001,72.0,17.68,80.25,14.93,60.12,24.37,41.8,5.89,2.31,0.26,0.77,17.02,5.04,0.61,0.65,2.83,1,1
STU20200002,45.18,12.32,81.23,14.82,90.75,7.16,59.4,11.86,3.03,0.27,0.65,26.02,5.89,0.63,0.78,1.83,1,1
STU20210003,72.72,3.53,67.55,2.11,64.07,4.71,65.33,3.7,2.62,0.07,0.2,12.28,1.43,0.07,-0.1,2.5,1,0
STU20200004,59.6,2.8,83.05,3.98,83.93,3.23,79.3,7.71,3.27,0.11,0.32,15.97,1.2,0.2,-0.06,1.33,1,0
STU20200005,88.0,1.99,81.15,5.14,78.52,3.62,79.35,5.11,3.18,0.15,0.47,19.2,1.52,0.22,0.29,2.33,1,0
STU20210006,63.3,3.67,80.87,4.8,84.25,6.85,79.93,4.72,3.27,0.1,0.28,11.55,2.56,0.27,-0.61,1.17,0,0
STU20200007,77.08,11.14,62.63,15.89,65.75,27.31,74.42,23.03,2.74,0.56,1.7,17.92,4.7,0.89,0.13,1.83,1,1
STU20230008,79.25,3.27,77.22,4.69,76.32,4.03,72.52,4.24,3.0,0.1,0.27,9.98,1.84,0.05,-0.28,2.17,1,0
STU20230009,80.05,2.94,89.32,3.56,86.0,5.7,92.3,4.02,3.57,0.13,0.38,22.75,1.35,0.07,0.42,2.0,1,0
STU20210010,75.18,3.34,68.73,3.74,75.07,4.1,68.93,5.0,2.84,0.13,0.37,13.8,1.26,0.21,0.82,2.67,1,0
STU20210011,81.12,2.34,85.72,4.4,82.78,3.76,83.33,7.46,3.35,0.16,0.44,12.82,1.34,0.21,-0.56,2.17,1,0
STU20200012,84.17,3.52,75.05,3.14,75.17,2.62,73.45,4.49,2.98,0.09,0.22,13.58,2.05,0.1,-0.16,2.83,1,0
STU20220013,92.08,4.76,70.1,3.37,73.25,7.46,67.85,4.19,2.81,0.08,0.23,14.75,1.28,0.1,0.52,2.33,0,0
STU20230014,90.68,10.85,82.6,19.67,74.68,22.16,75.98,18.98,3.09,0.19,0.57,17.58,9.5,0.56,0.75,1.83,1,1
STU20230015,91.25,8.22,76.55,19.4,91.4,12.12,92.37,14.67,3.52,0.26,0.83,25.03,8.84,0.68,-0.25,2.67,0,1
STU20220016,54.52,12.9,84.38,16.69,73.77,25.47,74.47,22.66,3.07,0.62,1.71,6.82,4.76,1.49,0.18,2.5,1,1
STU20230017,91.5,9.44,94.78,6.31,94.58,7.71,91.57,8.46,3.74,0.2,0.57,14.65,10.43,0.3,-0.17,2.83,1,1
STU20200018,76.38,3.07,81.65,3.26,81.75,3.7,82.8,4.48,3.29,0.11,0.31,14.52,1.59,0.11,0.23,3.17,1,0
STU20200019,57.05,15.0,70.1,16.4,62.32,25.71,79.58,20.95,2.85,0.6,1.5,6.32,4.8,1.5,0.02,2.67,0,1
STU20200020,82.3,4.56,69.98,3.68,73.55,3.76,69.03,2.43,2.83,0.05,0.13,18.87,1.85,0.1,0.5,2.33,1,0
STU20210021,80.32,15.11,84.72,15.29,64.98,24.46,67.47,25.94,2.84,0.77,2.45,12.3,8.78,0.84,0.31,2.67,0,1
STU20210022,88.02,2.18,90.48,3.25,92.92,6.68,93.87,3.57,3.71,0.07,0.2,19.15,1.96,0.12,-0.29,3.17,1,0
STU20230023,72.8,3.95,77.47,4.15,80.9,7.21,78.17,4.53,3.16,0.15,0.5,16.92,1.62,0.33,-0.08,1.17,1,0
STU20200024,66.4,2.57,61.35,3.63,61.3,1.94,59.73,3.3,2.43,0.09,0.28,12.82,1.67,0.09,-0.22,2.83,1,0
STU20230025,69.67,14.61,63.17,25.4,75.52,18.63,86.03,22.42,3.06,0.47,1.39,8.38,7.51,0.49,0.67,1.5,1,1
STU20230026,84.63,1.52,95.92,3.08,98.97,1.81,98.43,1.63,3.92,0.06,0.15,17.1,1.32,0.15,0.07,2.83,1,0
STU20230027,94.72,2.99,99.27,1.47,99.6,0.89,98.88,2.5,3.97,0.05,0.15,12.83,1.48,0.03,0.8,3.67,1,0
STU20220028,79.25,2.81,76.07,5.11,77.85,2.69,78.5,2.87,3.1,0.05,0.14,10.85,1.91,0.09,-0.16,2.0,1,0
STU20200029,64.37,3.18,69.13,2.54,70.15,3.7,72.67,3.82,2.84,0.1,0.31,10.05,2.2,-0.02,0.62,3.0,0,0
STU20230030,74.07,2.49,97.13,2.16,98.3,2.76,92.53,2.79,3.83,0.06,0.16,13.17,2.08,0.16,0.09,4.0,1,0
STU20200031,75.42,3.45,93.43,5.28,95.9,4.25,96.12,3.5,3.82,0.12,0.38,13.15,1.64,0.05,0.08,2.83,1,0
STU20220032,67.35,23.94,86.47,14.36,60.18,23.12,59.95,16.01,2.67,0.44,1.27,9.83,9.29,0.93,0.3,2.0,1,1
STU20220033,65.62,21.5,68.03,23.62,54.0,23.84,52.3,20.45,2.27,0.55,1.77,17.13,9.35,0.94,0.13,2.5,1,1
STU20230034,84.83,11.92,56.27,28.28,61.93,22.83,56.67,31.47,2.34,0.63,2.03,17.05,9.23,0.78,-0.49,2.83,0,1
STU20200035,100.0,0.0,100.0,0.0,99.33,1.28,100.0,0.0,3.99,0.02,0.05,11.4,1.37,0.04,0.0,3.33,0,0
STU20200036,88.07,3.79,67.42,3.49,70.53,5.68,73.5,7.04,2.84,0.19,0.61,12.0,1.53,0.15,0.66,3.17,0,0
STU20220037,67.83,11.06,86.33,15.27,77.05,18.41,89.62,16.16,3.38,0.55,1.44,18.98,5.2,1.42,0.11,3.83,1,1
STU20220038,70.85,10.36,78.73,16.79,86.47,15.63,64.22,23.11,3.03,0.3,0.98,19.17,4.28,0.62,-0.17,3.33,1,1
STU20230039,96.93,3.12,59.15,2.44,58.87,3.34,58.6,4.62,2.36,0.12,0.37,7.47,1.58,0.09,-0.0,4.17,1,0
STU20210040,70.62,2.99,77.03,0.97,81.4,2.19,75.33,3.47,3.12,0.05,0.13,18.18,2.36,0.1,0.4,2.5,1,0
STU20210041,90.8,9.2,70.62,23.61,65.63,24.52,98.9,2.46,3.21,0.33,0.97,4.72,4.99,0.5,-0.35,3.33,0,1
STU20200042,99.4,1.34,59.4,2.09,59.25,4.95,64.95,6.35,2.46,0.1,0.3,14.57,2.01,0.17,0.82,2.67,1,0
STU20200043,70.57,3.92,94.5,3.56,96.18,3.85,97.92,2.59,3.86,0.11,0.29,12.33,1.36,0.13,0.52,1.83,1,0
STU20200044,73.37,3.35,69.38,5.54,64.45,3.56,68.0,3.35,2.68,0.09,0.25,12.55,1.06,0.25,-0.47,2.67,1,0
STU20230045,86.43,7.7,48.87,23.13,36.57,24.5,54.43,17.23,1.87,0.62,1.81,13.75,5.79,1.67,0.56,2.17,1,1
STU20200046,86.53,5.0,83.22,4.24,84.55,3.91,83.27,5.63,3.35,0.13,0.39,12.63,1.84,0.12,0.65,1.33,1,0
STU20200047,92.43,4.27,63.87,4.31,62.2,4.97,63.1,7.93,2.52,0.18,0.5,21.37,1.92,0.16,0.47,0.67,1,0
STU20210048,73.45,4.49,84.6,3.82,88.62,6.6,85.35,4.5,3.45,0.15,0.38,19.85,1.05,0.26,0.38,3.17,0,0
STU20220049,98.88,1.69,76.62,7.12,79.47,6.96,73.48,10.65,3.05,0.29,0.87,16.98,0.69,0.54,0.21,2.83,1,0
STU20210050,63.73,4.21,65.05,3.26,63.18,2.72,64.95,7.06,2.58,0.16,0.5,24.5,2.97,0.26,0.11,2.83,1,0
STU20200051,79.63,1.71,73.45,2.85,71.95,4.99,70.62,4.44,2.87,0.09,0.3,9.48,1.15,0.2,0.19,1.67,1,0
STU20230052,80.22,9.31,63.18,23.9,74.57,21.24,63.93,17.34,2.7,0.31,0.81,17.75,8.11,0.62,-0.82,2.5,1,1
STU20200053,75.67,14.89,44.12,24.02,62.77,21.86,75.62,12.48,2.53,0.3,0.91,27.02,5.91,0.68,-0.67,3.0,1,1
STU20200054,77.28,3.75,65.93,2.95,65.2,5.68,64.8,2.84,2.61,0.08,0.26,14.65,2.18,0.19,-0.28,3.33,1,0
STU20200055,91.1,5.1,72.75,3.2,73.05,2.81,76.98,5.12,2.98,0.12,0.35,13.18,1.59,0.16,0.31,3.67,1,0
STU20220056,91.07,3.32,87.48,3.48,86.52,4.09,87.77,5.51,3.49,0.08,0.22,9.37,0.96,0.14,-0.65,1.83,1,0
STU20220057,78.0,13.91,59.75,22.38,66.38,21.7,52.82,23.08,2.37,0.48,1.39,13.7,3.74,1.36,0.03,2.83,1,1
STU20230058,94.67,3.0,79.92,4.57,86.5,6.15,87.87,3.73,3.41,0.13,0.34,16.42,0.97,0.15,-0.13,2.5,1,0
STU20230059,65.4,4.06,77.73,6.82,72.0,7.27,75.2,7.28,2.99,0.25,0.59,21.27,2.12,0.12,0.77,2.67,1,0
STU20230060,65.58,16.76,75.2,26.06,92.03,6.09,64.8,21.42,3.08,0.39,1.24,10.82,6.09,0.77,-0.67,2.5,1,1
STU20220061,72.82,3.28,89.98,4.23,92.9,5.09,86.28,5.04,3.58,0.14,0.4,13.7,1.47,0.35,-0.07,3.0,1,0
STU20220062,66.18,5.71,67.3,6.85,68.8,5.82,67.15,4.17,2.71,0.14,0.38,16.35,2.15,0.12,0.57,3.17,1,0
STU20200063,81.17,4.14,68.53,2.31,66.8,5.29,71.68,7.53,2.77,0.19,0.57,13.52,1.36,0.18,0.16,3.33,1,0
STU20210064,79.55,17.09,67.97,12.67,75.93,23.87,68.32,27.27,2.84,0.46,1.24,5.75,5.35,0.79,-0.76,1.5,1,1
STU20210065,87.45,9.23,84.07,13.76,73.95,22.54,82.8,24.85,3.2,0.5,1.58,24.05,3.88,0.95,0.12,4.0,1,1
STU20210066,66.33,4.34,93.23,3.31,94.12,5.0,91.53,3.07,3.71,0.13,0.37,14.28,1.86,0.32,0.73,3.33,1,0
STU20210067,77.35,14.44,57.27,22.91,48.25,13.78,50.28,19.36,2.05,0.39,1.07,18.9,7.97,0.69,-0.58,3.17,0,1
STU20200068,94.15,2.56,84.12,2.88,78.15,5.5,80.87,4.58,3.23,0.13,0.33,16.47,1.44,0.32,-0.38,3.67,1,0
STU20200069,78.77,3.44,75.53,3.49,74.72,4.31,76.28,3.73,3.02,0.11,0.34,3.83,1.22,0.18,0.25,1.67,0,0
STU20220070,80.8,2.58,70.12,2.86,70.35,4.33,70.83,5.48,2.82,0.14,0.4,21.37,0.97,0.17,-0.01,2.33,1,0
STU20210071,81.98,13.77,76.57,24.42,46.02,18.21,73.02,26.89,2.58,0.59,1.63,17.07,7.06,1.55,-0.28,1.5,1,1
STU20200072,98.1,2.06,94.88,2.36,95.52,3.5,96.53,4.96,3.83,0.1,0.33,15.62,1.56,0.09,0.37,3.0,1,0
STU20220073,85.08,12.47,57.15,15.88,51.43,19.69,65.17,17.54,2.34,0.4,1.22,9.93,7.75,0.91,0.2,1.67,1,1
STU20230074,69.58,14.53,76.13,17.92,87.13,12.87,89.18,15.24,3.41,0.39,1.17,20.55,6.71,0.76,-0.44,1.67,1,1
STU20230075,76.23,11.52,63.87,22.68,60.7,23.53,76.57,21.66,2.72,0.44,1.28,13.48,4.42,1.18,0.03,2.33,1,1
STU20230076,72.87,1.87,59.67,2.65,61.27,3.89,61.18,4.45,2.43,0.09,0.26,20.5,2.41,0.11,-0.53,2.0,1,0
STU20200077,90.53,4.62,79.87,3.29,77.25,3.53,81.28,8.18,3.18,0.17,0.49,14.88,2.01,0.16,0.42,3.33,0,0
STU20210078,85.95,5.0,76.38,2.51,79.72,4.17,74.83,4.84,3.08,0.11,0.34,16.87,1.54,0.07,0.73,1.5,1,0
STU20230079,85.03,4.76,58.27,4.93,52.58,5.6,52.62,7.05,2.16,0.18,0.56,11.92,1.76,0.16,0.67,2.33,1,0
STU20220080,59.15,18.16,66.88,29.35,47.58,23.66,68.0,22.88,2.42,0.65,2.06,21.02,6.48,1.52,-0.06,3.33,0,1
STU20220081,88.6,12.31,80.6,13.09,74.7,26.41,92.15,11.22,3.33,0.57,1.65,19.27,7.09,0.08,0.36,3.5,1,1
STU20200082,93.5,2.27,53.65,1.86,55.0,5.67,54.48,3.85,2.18,0.13,0.35,13.63,1.26,0.07,-0.3,2.33,1,0
STU20200083,65.13,14.76,72.65,17.6,55.6,22.62,66.55,24.75,2.57,0.55,1.42,20.73,8.53,1.24,0.31,3.17,1,1
STU20200084,74.52,15.19,89.98,15.02,84.65,14.73,93.98,8.63,3.59,0.4,1.09,7.55,8.87,1.09,-0.31,4.33,1,1
STU20220085,64.88,15.85,56.57,11.96,50.43,23.84,67.75,19.41,2.35,0.44,1.04,18.68,5.47,0.98,-0.25,2.33,1,1
STU20220086,78.88,4.44,55.58,4.26,54.93,6.34,51.72,6.09,2.15,0.19,0.49,13.87,1.83,0.28,0.26,2.5,1,0
STU20220087,79.52,14.6,63.25,29.49,37.88,29.27,72.98,14.4,2.33,0.46,1.14,12.87,7.26,0.76,-0.19,2.83,1,1
STU20230088,92.5,12.1,51.13,20.94,55.92,18.8,47.45,17.07,2.05,0.15,0.42,6.05,5.47,0.15,0.28,2.83,1,1
STU20200089,53.98,2.71,70.6,4.56,71.28,5.35,76.2,4.3,2.92,0.11,0.28,20.0,1.69,0.11,-0.35,2.67,1,0
STU20200090,80.35,2.24,74.95,1.54,77.33,4.81,71.03,3.67,2.97,0.13,0.43,11.0,1.83,0.14,-0.3,2.33,1,0
STU20200091,87.9,5.48,86.77,15.77,76.17,20.49,76.45,18.73,3.16,0.32,0.97,15.88,6.43,0.49,0.23,2.83,1,1
STU20230092,79.65,3.15,62.85,4.19,61.58,7.43,62.53,3.8,2.49,0.08,0.24,6.23,1.07,0.24,-0.16,3.33,0,0
STU20200093,70.93,20.19,50.62,14.1,60.32,22.54,62.23,26.39,2.35,0.48,1.27,19.47,6.7,0.94,-0.74,2.17,1,1
STU20230094,82.52,4.62,68.3,2.71,65.65,5.65,68.63,4.02,2.7,0.09,0.25,13.6,2.73,0.23,0.28,2.67,1,0
STU20200095,61.27,11.42,76.13,19.51,65.37,23.26,74.77,24.14,2.87,0.7,2.01,13.08,5.9,1.03,0.38,2.17,1,1
STU20220096,66.17,13.85,54.97,21.8,45.82,25.99,80.77,16.56,2.48,0.56,1.56,13.2,8.1,0.86,-0.64,2.33,1,1
STU20230097,100.0,0.0,84.73,4.17,85.03,4.85,86.42,2.29,3.42,0.12,0.31,17.02,2.06,0.16,0.0,2.5,1,0
STU20210098,65.98,11.36,80.43,15.85,83.68,21.25,89.13,16.28,3.4,0.2,0.58,23.57,5.73,0.31,-0.28,2.83,0,1
STU20230099,90.85,3.33,38.0,7.68,34.55,8.05,40.87,4.28,1.52,0.2,0.51,17.33,1.74,0.23,0.38,2.0,1,0
STU20200100,90.77,1.42,67.62,3.51,69.9,2.98,68.07,8.38,2.74,0.14,0.41,9.1,1.22,0.27,0.18,2.5,0,0
STU20200101,88.28,2.98,79.67,3.57,78.85,9.04,80.55,4.26,3.19,0.16,0.49,19.15,2.41,0.15,-0.22,2.33,1,0
STU20210102,80.62,6.16,78.5,3.42,81.05,4.22,79.87,8.27,3.2,0.19,0.56,10.88,2.44,0.25,0.52,2.5,1,0
STU20230103,85.6,12.02,55.22,7.36,55.13,21.58,56.32,28.31,2.23,0.68,1.88,23.37,8.78,1.67,0.39,2.83,0,1
STU20210104,67.82,15.07,58.75,22.6,60.43,23.04,69.52,27.84,2.55,0.51,1.17,10.48,6.16,1.14,0.6,2.17,1,1
STU20220105,46.82,7.45,39.68,16.12,69.9,4.13,44.33,32.41,2.08,0.48,1.32,21.42,7.19,1.32,-0.72,2.5,0,1
STU20230106,83.87,14.63,88.38,15.55,80.98,11.67,93.1,12.38,3.5,0.38,1.19,13.77,6.13,0.79,-0.37,1.0,1,1
STU20230107,72.58,1.88,67.23,3.56,67.52,7.38,66.2,4.64,2.68,0.16,0.5,15.0,1.51,0.38,-0.11,2.33,1,0
STU20230108,81.58,4.69,97.37,3.64,92.47,4.29,91.32,3.66,3.73,0.13,0.39,10.47,2.51,0.08,0.72,2.33,1,0
STU20200109,93.05,5.34,61.75,18.87,84.85,5.11,74.0,17.98,2.99,0.36,1.11,14.53,7.58,0.87,0.18,2.33,1,1
STU20230110,52.12,3.44,75.75,3.95,77.97,3.62,76.18,5.3,3.07,0.14,0.47,20.82,1.47,0.3,0.46,2.83,1,0
STU20210111,97.48,2.35,68.57,5.15,69.32,4.86,70.63,3.41,2.79,0.12,0.36,13.77,1.0,0.19,0.3,2.5,0,0
STU20210112,81.95,3.39,75.95,2.28,74.03,2.73,76.03,3.63,3.01,0.09,0.28,15.77,2.51,0.19,-0.28,2.83,0,0
STU20230113,84.15,13.63,86.4,12.4,71.72,28.47,86.3,18.19,3.25,0.64,1.65,31.0,8.1,1.33,0.1,3.5,1,1
STU20220114,74.95,3.07,67.2,4.38,68.48,2.18,68.35,3.91,2.72,0.03,0.1,23.08,1.64,0.05,0.0,2.17,1,0
STU20220115,70.35,3.9,75.47,4.33,73.4,5.44,76.32,7.71,3.0,0.16,0.42,16.83,2.22,0.16,0.06,2.33,1,0
STU20230116,75.47,3.33,53.62,2.23,54.63,6.06,53.73,5.7,2.16,0.14,0.41,18.98,2.44,0.22,0.5,2.67,1,0
STU20210117,61.1,15.3,60.85,13.13,57.98,31.83,69.43,23.67,2.53,0.85,2.27,12.35,3.38,1.85,0.77,2.5,1,1
STU20220118,71.13,5.08,91.62,4.56,95.4,3.86,95.78,4.83,3.78,0.14,0.39,12.27,1.83,0.24,0.37,4.33,1,0
STU20230119,86.65,4.46,98.15,2.77,96.55,3.09,98.47,1.14,3.91,0.07,0.17,20.12,2.21,0.16,0.22,1.67,1,0
STU20210120,84.55,2.78,86.83,3.34,85.1,4.02,87.9,7.4,3.46,0.16,0.47,17.83,2.4,0.18,0.33,3.0,1,0
STU20230121,93.27,5.07,52.35,3.74,48.27,2.64,50.27,4.39,2.01,0.11,0.28,13.37,2.98,0.28,0.66,4.67,0,0
STU20210122,96.77,3.81,65.58,5.87,62.23,4.82,61.33,6.47,2.51,0.21,0.56,23.13,1.01,0.09,0.72,2.5,1,0
STU20220123,80.5,14.35,66.4,21.54,81.37,20.56,70.75,23.13,2.94,0.52,1.35,21.2,5.76,1.2,0.18,2.33,1,1
STU20200124,80.57,12.98,75.12,14.73,79.73,21.66,95.73,9.54,3.4,0.23,0.62,11.45,7.36,0.62,0.55,2.0,1,1
STU20220125,85.13,4.76,82.13,7.3,80.7,4.91,80.12,3.35,3.24,0.12,0.35,23.25,1.2,0.01,0.15,2.5,0,0
STU20220126,85.07,10.74,98.3,3.8,70.78,20.99,93.68,13.55,3.47,0.19,0.59,17.05,8.84,0.42,-0.64,2.33,1,1
STU20200127,97.6,2.24,93.48,4.69,94.6,5.29,93.43,5.64,3.75,0.13,0.35,25.8,3.11,0.14,0.83,3.67,1,0
STU20200128,100.0,0.0,73.53,5.52,74.77,6.35,76.28,3.36,3.0,0.14,0.38,19.53,2.99,0.17,0.0,4.0,1,0
STU20200129,76.17,4.22,73.47,4.64,73.18,4.89,73.57,5.73,2.94,0.16,0.49,9.5,0.99,0.24,0.2,2.0,1,0
STU20200130,79.7,1.33,49.97,6.31,53.38,4.12,50.38,2.92,2.06,0.1,0.28,12.87,1.41,0.28,-0.34,2.5,1,0
STU20200131,77.95,1.98,88.7,2.25,88.63,4.55,88.67,5.3,3.54,0.07,0.24,11.2,2.75,0.1,-0.24,1.83,1,0
STU20210132,79.85,19.62,64.13,21.48,67.95,20.55,62.43,21.63,2.59,0.58,1.43,13.63,6.54,0.62,-0.25,2.67,1,1
STU20220133,81.5,3.29,76.73,4.65,75.48,1.99,78.33,4.1,3.08,0.08,0.24,26.38,2.41,0.24,-0.64,2.17,1,0
STU20230134,85.37,2.13,69.42,4.18,70.83,5.34,67.7,4.97,2.77,0.15,0.44,11.42,2.21,0.04,-0.54,1.83,1,0
STU20200135,87.38,3.08,60.93,7.47,70.05,5.31,61.68,9.03,2.58,0.26,0.71,11.28,2.45,0.6,-0.63,1.83,1,0
STU20220136,94.2,3.52,72.67,5.68,73.47,5.06,72.77,4.42,2.92,0.12,0.32,8.72,2.98,0.27,0.27,3.0,1,0
STU20200137,89.52,9.32,69.22,23.59,66.17,23.41,59.3,16.63,2.57,0.6,1.79,20.55,6.43,1.28,-0.88,3.67,1,1
STU20230138,85.57,3.07,97.98,2.86,98.48,3.39,97.05,2.14,3.91,0.04,0.11,4.2,1.38,0.03,-0.05,2.67,1,0
STU20230139,58.12,21.92,62.53,14.84,65.9,22.86,77.0,18.56,2.78,0.42,1.21,9.57,7.14,0.68,0.35,2.83,1,1
STU20220140,86.02,5.62,70.17,6.1,75.32,8.28,70.67,5.89,2.88,0.23,0.72,20.45,1.96,0.1,0.57,2.83,1,0
STU20220141,61.65,3.14,64.9,3.69,67.15,3.56,67.83,4.6,2.67,0.11,0.29,8.38,1.8,0.1,0.32,2.83,1,0
STU20230142,83.75,2.8,72.78,4.41,69.68,8.07,71.73,3.99,2.85,0.19,0.48,14.15,2.48,0.21,0.42,1.33,1,0
STU20230143,80.03,20.28,59.12,26.03,77.7,19.57,70.08,23.1,2.8,0.52,1.42,15.95,8.33,1.39,0.47,0.83,1,1
STU20210144,66.22,19.79,65.15,22.1,55.68,14.58,64.55,22.49,2.46,0.46,1.26,4.77,6.97,0.82,-0.07,1.67,1,1
STU20200145,86.55,10.65,58.28,19.34,50.2,16.09,75.15,22.64,2.49,0.52,1.55,19.43,8.21,0.8,0.75,2.67,1,1
STU20210146,67.1,16.9,59.67,22.52,51.18,22.84,65.17,29.06,2.36,0.65,1.95,19.42,5.74,1.95,0.76,2.5,1,1
STU20200147,100.0,0.0,69.25,2.78,72.13,7.56,70.8,3.19,2.83,0.15,0.46,8.87,1.36,0.08,0.0,2.83,1,0
STU20220148,80.75,12.38,74.23,24.37,58.08,18.06,53.4,11.53,2.41,0.47,1.47,11.57,5.83,1.47,0.24,2.83,1,1
STU20230149,83.48,3.09,79.2,3.42,80.77,4.24,78.38,7.44,3.18,0.16,0.51,20.55,1.92,0.38,-0.29,1.83,1,0
STU20230150,94.02,3.71,71.22,3.5,69.95,4.53,70.37,7.38,2.82,0.18,0.63,3.93,1.57,0.4,-0.12,2.83,1,0
STU20210151,81.37,1.75,78.37,4.46,74.53,6.78,73.38,4.56,3.0,0.16,0.52,19.52,2.11,0.32,0.87,2.17,1,0
STU20230152,84.67,3.83,81.63,2.81,82.7,8.61,80.98,4.95,3.27,0.12,0.33,17.15,1.99,0.14,-0.4,2.5,1,0
STU20230153,88.33,2.63,75.07,1.8,75.93,2.2,77.62,6.63,3.06,0.08,0.24,2.27,0.33,0.12,0.95,2.67,1,0
STU20220154,91.57,2.6,99.78,0.48,99.77,0.52,99.92,0.19,3.99,0.01,0.03,11.23,2.56,0.01,-0.47,1.83,1,0
STU20200155,83.78,15.98,93.52,14.5,88.1,16.84,90.57,14.78,3.62,0.58,1.53,22.07,4.33,0.76,0.31,1.67,1,1
STU20210156,97.25,2.76,80.28,2.78,76.95,6.56,77.83,3.0,3.12,0.13,0.39,15.57,0.88,0.05,0.35,1.5,0,0
STU20230157,82.83,3.52,70.95,4.31,69.38,5.65,74.98,3.87,2.88,0.03,0.1,10.27,1.94,0.04,-0.29,2.5,1,0
STU20230158,96.37,2.49,82.93,4.06,84.88,3.39,81.55,3.3,3.32,0.12,0.36,20.2,2.59,0.02,0.69,3.5,1,0
STU20200159,92.27,10.83,81.48,19.04,87.62,16.93,73.38,19.24,3.22,0.45,1.44,16.02,10.3,1.44,-0.45,2.67,0,1
STU20200160,76.0,19.86,52.87,19.02,60.17,24.85,52.35,25.08,2.21,0.7,1.89,9.5,6.5,1.25,0.59,3.0,1,1
STU20210161,99.0,1.12,80.48,5.19,78.18,5.65,79.15,6.75,3.17,0.18,0.59,12.63,0.59,0.17,0.14,1.67,1,0
STU20220162,78.67,3.03,85.73,4.88,82.6,4.48,88.68,5.54,3.43,0.16,0.44,19.43,1.07,0.37,0.53,2.17,1,0
STU20200163,98.93,1.9,93.75,3.79,89.73,6.24,91.72,4.26,3.66,0.13,0.41,9.87,1.44,0.23,0.6,3.5,1,0
STU20220164,92.17,4.33,84.9,3.74,86.2,4.17,85.75,5.47,3.43,0.12,0.36,9.88,1.07,0.15,0.7,2.0,1,0
STU20230165,77.63,3.96,68.97,3.08,69.37,3.92,69.53,4.09,2.77,0.11,0.34,9.28,1.94,0.08,-0.73,3.0,0,0
STU20220166,97.67,5.22,69.62,21.35,59.65,16.94,84.55,22.09,2.88,0.26,0.77,5.03,5.09,0.57,-0.31,2.17,1,1
STU20210167,73.7,3.51,68.97,4.8,71.03,5.58,71.75,2.7,2.83,0.15,0.46,15.22,0.7,0.0,0.9,2.17,1,0
STU20220168,90.4,3.35,70.43,3.95,69.23,4.25,72.32,3.04,2.83,0.09,0.25,10.75,0.75,0.11,0.91,1.0,1,0
STU20230169,80.3,3.78,65.23,5.36,66.0,4.99,68.43,4.69,2.67,0.11,0.35,20.38,1.83,0.25,-0.17,2.33,1,0
STU20230170,91.87,11.33,72.08,20.38,77.97,25.4,75.93,17.37,3.02,0.35,1.13,25.4,5.85,0.06,-0.41,3.5,0,1
STU20230171,66.92,1.91,61.02,3.11,60.28,2.74,61.32,2.38,2.44,0.07,0.21,18.43,2.48,0.16,-0.44,2.83,1,0
STU20200172,70.27,6.76,80.33,5.53,79.87,6.28,77.63,5.03,3.17,0.19,0.55,21.58,1.62,0.34,0.42,3.0,1,0
STU20220173,61.75,11.66,70.58,20.27,76.78,16.09,81.4,21.18,3.08,0.34,0.88,8.03,6.69,0.61,-0.55,2.83,1,1
STU20220174,78.53,4.22,62.27,7.34,63.25,4.47,63.95,4.34,2.53,0.16,0.34,9.55,1.57,0.04,0.39,2.17,1,0
STU20200175,73.42,4.09,77.05,1.8,81.72,3.15,80.53,8.31,3.2,0.1,0.3,11.88,2.07,0.21,0.65,2.5,0,0
STU20210176,85.8,15.99,62.98,23.26,66.7,29.32,79.8,19.6,2.84,0.55,1.63,19.6,4.18,1.63,-0.56,2.33,1,1
STU20200177,57.63,16.08,59.3,21.22,57.8,17.81,71.68,22.29,2.55,0.41,1.27,22.65,5.24,0.75,0.57,3.33,1,1
STU20210178,78.03,4.59,67.77,4.0,72.4,4.46,73.43,2.07,2.87,0.08,0.23,2.42,0.51,0.18,-0.16,2.5,1,0
STU20200179,95.02,3.77,84.67,5.19,84.02,5.27,86.33,4.95,3.4,0.17,0.48,16.53,2.59,0.48,0.57,2.17,1,0
STU20210180,78.43,5.17,77.65,3.05,83.12,5.33,77.73,5.85,3.18,0.17,0.51,25.02,1.13,0.51,0.79,3.67,1,0
STU20220181,58.6,5.91,87.68,6.01,90.82,5.63,88.52,5.48,3.56,0.18,0.58,25.02,2.09,0.05,0.63,2.67,1,0
STU20230182,68.53,3.9,76.57,6.15,75.38,4.63,79.08,4.5,3.08,0.12,0.34,10.37,1.64,0.07,-0.15,3.17,1,0
STU20230183,85.53,2.44,76.27,6.08,80.95,5.2,76.92,4.87,3.12,0.17,0.47,10.52,1.84,0.19,0.87,2.33,0,0
STU20220184,69.48,11.15,88.9,11.97,93.55,9.35,86.1,15.21,3.58,0.34,0.94,15.38,4.48,0.8,-0.47,2.0,0,1
STU20200185,87.35,2.86,54.5,5.31,54.3,2.65,53.88,5.73,2.17,0.14,0.44,18.12,1.1,0.27,0.54,1.5,1,0
STU20230186,77.03,4.6,85.18,5.65,83.5,5.25,83.82,5.8,3.36,0.18,0.47,15.45,0.92,0.2,0.35,2.33,1,0
STU20220187,90.13,3.63,76.43,4.73,79.6,8.29,79.0,5.01,3.14,0.21,0.58,18.37,1.05,0.08,0.51,1.5,1,0
STU20200188,90.45,13.51,80.27,19.19,67.02,12.45,71.3,21.76,2.88,0.38,1.0,14.4,7.34,0.81,-0.04,1.83,1,1
STU20210189,83.88,3.01,74.42,4.58,73.53,3.65,71.08,3.27,2.91,0.14,0.39,15.03,2.46,0.37,0.5,2.33,1,0
STU20230190,77.83,2.91,61.58,6.44,58.25,4.56,60.27,3.39,2.4,0.15,0.44,11.47,1.48,0.44,0.02,3.5,1,0
STU20230191,90.97,8.95,70.58,12.48,58.62,17.29,70.42,25.41,2.65,0.56,1.59,10.38,7.52,0.84,0.59,2.83,1,1
STU20200192,82.95,5.0,96.72,3.33,96.9,3.59,96.35,5.89,3.86,0.17,0.46,19.13,2.07,0.03,0.69,2.83,1,0
STU20230193,72.67,5.81,80.63,6.22,78.07,4.99,76.57,6.2,3.12,0.2,0.6,11.95,1.26,0.12,0.63,4.17,1,0
STU20210194,84.48,3.23,64.83,1.32,64.28,3.99,64.07,4.46,2.58,0.09,0.28,20.95,1.64,0.19,-0.34,2.5,1,0
STU20210195,85.77,3.93,81.13,3.84,81.98,6.18,79.48,3.0,3.23,0.14,0.43,12.88,2.02,0.24,0.06,3.17,0,0
STU20220196,74.25,11.91,75.67,13.67,66.17,24.69,77.87,25.16,2.93,0.51,1.69,11.43,3.94,1.69,-0.65,3.17,1,1
STU20210197,86.65,2.94,64.77,3.19,67.35,5.88,65.05,3.33,2.63,0.1,0.25,18.68,1.49,0.22,0.78,1.83,0,0
STU20230198,80.97,1.91,100.0,0.0,100.0,0.0,100.0,0.0,4.0,0.0,0.0,22.35,1.83,0.0,0.0,1.5,1,0
STU20230199,81.2,2.71,68.22,4.83,66.17,5.41,66.42,5.24,2.67,0.07,0.2,8.85,2.58,0.13,0.34,2.33,1,0
STU20230200,93.38,7.52,54.77,20.55,37.0,9.34,60.5,29.27,2.03,0.51,1.41,0.57,1.18,1.41,-0.19,2.33,1,1
STU20220201,65.63,6.7,86.47,15.67,88.65,11.81,93.47,14.61,3.6,0.37,1.04,21.02,8.9,0.37,0.2,2.67,1,1
STU20220202,90.82,6.36,63.6,3.98,69.3,4.15,63.93,7.13,2.63,0.2,0.55,12.68,1.36,0.27,0.89,3.0,0,0
STU20230203,84.27,5.41,97.5,2.49,98.65,1.36,96.68,2.07,3.9,0.05,0.14,24.75,0.65,0.08,0.13,2.83,1,0
STU20220204,84.18,4.53,79.4,4.02,77.4,6.43,81.0,7.26,3.18,0.13,0.38,16.27,2.51,0.2,-0.08,2.0,0,0
STU20220205,69.0,3.61,95.88,4.04,95.8,5.72,93.92,6.1,3.8,0.17,0.42,13.93,1.99,0.09,-0.23,2.33,1,0
STU20230206,64.02,3.89,65.5,4.38,68.3,5.03,68.33,3.63,2.7,0.13,0.39,10.23,2.4,0.03,0.24,2.33,1,0
STU20200207,82.58,4.99,73.3,2.52,76.27,4.4,71.73,5.32,2.95,0.1,0.28,15.62,2.04,0.16,0.39,3.0,1,0
STU20210208,81.77,13.55,82.72,15.03,62.47,22.22,80.05,27.04,2.98,0.37,1.2,10.55,6.47,0.87,-0.55,2.0,1,1
STU20230209,83.28,2.95,80.92,5.07,82.43,3.42,80.22,5.29,3.25,0.12,0.32,17.93,0.92,0.27,-0.29,2.33,1,0
STU20220210,85.63,3.62,81.13,5.41,81.13,6.07,83.1,5.09,3.28,0.13,0.36,13.47,1.53,0.36,0.33,2.0,1,0
STU20220211,89.12,3.72,60.6,3.38,62.78,3.21,59.5,3.51,2.44,0.09,0.27,13.33,3.63,0.12,0.58,2.33,1,0
STU20210212,74.15,6.78,56.4,5.57,57.28,3.56,55.95,2.82,2.26,0.09,0.3,17.33,1.93,0.11,0.74,2.17,1,0
STU20220213,98.2,2.38,92.88,4.07,94.85,3.2,92.72,4.57,3.74,0.08,0.24,9.28,1.15,0.06,0.66,1.17,0,0
STU20220214,93.45,4.95,82.77,4.89,84.77,4.93,80.05,8.24,3.3,0.17,0.48,15.73,2.49,0.0,0.22,3.17,1,0
STU20200215,81.48,14.03,54.32,20.16,57.5,15.18,45.72,28.05,2.08,0.73,2.07,13.63,2.62,2.07,-0.74,1.5,1,1
STU20200216,77.17,2.2,55.52,3.41,55.45,3.52,55.43,1.83,2.22,0.1,0.28,25.48,2.59,0.28,-0.44,2.17,1,0
STU20220217,85.15,5.16,86.08,5.02,85.3,2.25,84.75,5.22,3.41,0.09,0.27,9.68,1.78,0.17,0.45,2.33,1,0
STU20230218,73.42,4.54,80.98,3.01,81.13,4.32,82.15,7.14,3.26,0.16,0.54,11.25,1.69,0.04,0.4,1.83,0,0
STU20230219,85.12,2.03,74.08,2.15,72.97,4.05,72.93,5.16,2.93,0.11,0.31,15.82,1.76,0.28,-0.32,2.33,1,0
STU20220220,74.43,11.1,62.15,16.3,61.83,28.61,73.42,18.37,2.66,0.56,1.65,16.23,6.67,0.84,-0.01,3.83,1,1
STU20220221,72.15,3.11,79.55,5.24,79.77,5.27,79.62,4.31,3.19,0.07,0.16,15.52,2.37,0.14,0.45,2.5,1,0
STU20210222,75.18,2.4,61.35,5.88,60.58,5.65,62.18,1.7,2.46,0.12,0.4,28.6,0.95,0.03,0.28,2.0,1,0
STU20200223,73.02,11.73,33.22,14.01,50.6,23.47,41.27,26.12,1.7,0.63,1.99,5.15,6.38,1.42,0.1,2.17,0,1
STU20230224,94.37,3.96,60.05,4.26,61.55,8.57,65.48,5.26,2.51,0.21,0.67,13.7,1.42,0.36,0.2,2.67,1,0
STU20200225,81.67,4.21,90.13,4.55,91.23,6.52,89.77,5.26,3.62,0.18,0.55,12.17,1.35,0.19,0.95,2.0,1,0
STU20210226,64.4,4.23,44.93,6.03,45.68,5.15,45.37,6.16,1.81,0.17,0.5,21.68,1.78,0.07,0.3,2.33,1,0
STU20230227,74.33,22.92,83.25,19.88,73.42,17.97,69.95,14.05,2.98,0.54,1.52,5.37,3.25,0.94,0.54,3.17,0,1
STU20220228,92.65,3.14,68.45,3.21,69.6,7.3,65.95,3.78,2.71,0.09,0.27,9.2,1.45,0.15,-0.09,3.33,1,0
STU20210229,79.0,4.37,63.63,4.07,62.55,7.2,65.2,7.36,2.56,0.2,0.61,10.8,0.99,0.42,0.52,2.33,1,0
STU20220230,74.7,2.64,70.07,3.89,73.18,3.53,70.73,4.18,2.86,0.11,0.34,13.8,2.55,0.11,-0.34,1.33,1,0
STU20210231,71.18,6.46,94.87,9.03,73.55,23.17,87.42,13.17,3.38,0.35,1.01,6.75,5.94,0.44,-0.41,2.67,1,1
STU20210232,80.93,8.65,42.18,12.91,33.5,24.27,47.22,19.61,1.65,0.62,1.68,12.18,6.2,1.32,-0.55,3.0,1,1
STU20230233,77.9,6.25,81.97,5.42,83.1,4.88,88.28,4.45,3.4,0.18,0.56,8.57,2.08,0.26,0.47,2.5,1,0
STU20200234,81.68,4.42,77.8,4.47,77.47,3.92,75.37,4.1,3.07,0.14,0.44,14.77,2.49,0.14,0.7,2.5,1,0
STU20210235,91.73,3.7,57.07,4.45,53.87,3.72,52.65,4.16,2.17,0.14,0.44,18.55,2.3,0.34,0.25,3.33,0,0
STU20210236,78.93,1.86,55.68,6.68,59.98,2.89,60.77,4.74,2.37,0.13,0.39,10.53,1.27,0.16,-0.07,3.17,1,0
STU20220237,78.88,20.64,65.95,25.36,62.73,25.12,79.68,14.29,2.82,0.75,2.13,15.25,5.58,0.67,0.12,2.33,1,1
STU20200238,83.73,3.41,65.53,3.87,64.67,5.07,64.72,2.23,2.6,0.08,0.24,9.65,0.59,0.17,0.04,2.5,1,0
STU20200239,76.85,3.18,71.77,5.9,71.93,5.37,71.87,3.9,2.87,0.14,0.41,14.07,1.41,0.4,-0.28,2.67,1,0
STU20210240,93.8,3.46,100.0,0.0,100.0,0.0,100.0,0.0,4.0,0.0,0.0,17.57,2.02,0.0,0.0,2.67,0,0
STU20210241,76.1,21.01,72.28,20.6,78.32,22.81,89.22,18.68,3.25,0.5,1.38,8.15,7.13,0.75,-0.11,2.83,1,1
STU20200242,90.52,7.61,71.22,18.04,59.73,21.46,65.67,18.25,2.6,0.27,0.78,15.37,5.27,0.27,0.75,2.33,1,1
STU20230243,70.53,19.53,76.27,25.61,69.6,24.44,72.1,28.21,2.89,0.68,1.97,13.48,2.63,0.25,-0.59,2.33,1,1
STU20230244,64.48,2.72,60.2,3.14,59.08,3.46,59.33,2.22,2.38,0.07,0.19,18.42,2.86,0.19,0.69,1.33,1,0
STU20230245,69.02,3.34,64.88,3.57,58.58,4.36,61.48,7.6,2.45,0.19,0.57,21.5,1.03,0.14,0.42,2.5,0,0
STU20210246,84.22,3.12,70.3,5.21,70.57,7.07,73.1,5.1,2.86,0.19,0.52,20.35,1.74,0.28,-0.04,2.33,1,0
STU20210247,75.45,3.34,71.18,5.25,72.12,7.27,67.22,5.51,2.8,0.14,0.45,14.92,0.86,0.19,0.52,2.67,1,0
STU20200248,72.78,6.42,78.62,4.83,79.53,3.57,75.97,2.29,3.12,0.11,0.29,12.73,1.2,0.29,0.19,2.83,1,0
STU20220249,56.92,13.66,77.88,21.36,68.55,22.47,73.4,20.26,2.91,0.42,1.24,12.18,6.63,0.65,0.69,1.67,0,1
STU20230250,83.07,2.85,68.63,2.44,72.02,6.46,68.72,4.7,2.8,0.18,0.51,22.08,2.1,0.03,0.34,3.67,1,0
STU20200251,75.02,4.18,57.92,7.87,57.47,6.88,59.62,4.22,2.34,0.14,0.39,20.73,2.4,0.39,0.21,0.83,1,0
STU20200252,79.57,3.27,64.55,6.02,63.4,7.92,66.72,3.02,2.6,0.19,0.61,9.18,1.99,0.2,-0.27,2.17,1,0
STU20210253,92.0,3.66,66.2,5.29,65.43,4.42,71.3,5.03,2.72,0.14,0.44,23.93,2.85,0.22,0.7,1.33,0,0
STU20210254,82.13,8.18,80.75,16.84,62.68,27.61,74.78,16.77,2.88,0.58,1.59,17.33,8.38,1.07,-0.28,3.67,1,1
STU20210255,81.05,2.93,75.67,2.83,82.08,5.18,74.37,4.49,3.1,0.13,0.39,13.08,1.46,0.05,-0.14,3.0,1,0
STU20210256,96.78,2.85,69.47,3.2,66.87,2.19,71.4,6.88,2.77,0.16,0.52,20.8,1.79,0.29,0.72,2.83,0,0
STU20230257,79.28,2.99,50.02,5.57,47.93,6.9,50.15,5.18,1.97,0.22,0.68,23.05,1.2,0.31,-0.29,2.33,0,0
STU20230258,86.48,2.28,72.27,6.66,72.12,3.85,73.27,4.4,2.9,0.15,0.47,12.8,1.25,0.22,-0.33,2.5,1,0
STU20210259,61.32,25.2,70.7,15.35,76.98,24.27,89.52,14.94,3.22,0.37,1.13,14.22,6.97,0.71,-0.45,2.83,0,1
STU20220260,65.55,4.0,59.4,5.31,62.2,4.49,60.42,3.08,2.43,0.11,0.31,11.38,1.11,0.27,-0.75,3.17,1,0
STU20230261,70.2,1.43,82.1,3.59,86.13,3.19,84.58,6.14,3.38,0.12,0.34,9.8,1.54,0.25,0.47,2.5,1,0
STU20210262,82.15,2.41,58.3,4.78,52.88,2.78,54.33,2.77,2.19,0.04,0.12,16.6,1.36,0.05,-0.4,2.67,1,0
STU20220263,87.07,3.1,83.07,2.52,84.53,5.18,80.78,5.39,3.31,0.14,0.43,13.15,1.16,0.23,0.59,2.67,1,0
STU20220264,78.05,4.07,91.27,6.3,91.67,4.59,92.67,4.54,3.68,0.15,0.38,23.87,2.63,0.14,0.56,2.83,1,0
STU20200265,86.97,11.48,57.0,31.91,36.13,19.34,68.05,23.54,2.17,0.52,1.22,4.02,3.38,1.0,0.0,2.0,1,1
STU20230266,95.87,2.45,87.22,2.41,91.5,5.32,84.77,3.08,3.51,0.1,0.28,14.72,1.77,0.12,-0.4,3.67,1,0
STU20220267,81.62,14.17,50.2,19.84,32.62,17.37,51.68,27.49,1.78,0.7,2.11,18.9,2.47,1.15,-0.31,3.17,1,1
STU20220268,68.13,4.92,74.23,3.41,73.2,4.24,72.85,3.8,2.93,0.13,0.33,15.95,1.3,0.14,0.3,3.17,1,0
STU20200269,74.75,1.96,66.85,3.19,70.65,6.5,64.57,7.26,2.69,0.17,0.49,11.83,1.25,0.26,0.52,2.0,1,0
STU20210270,88.52,5.2,61.88,2.42,69.43,3.87,67.53,3.65,2.67,0.12,0.32,13.7,1.85,0.26,0.64,2.5,0,0
STU20210271,89.88,4.78,86.22,4.48,84.23,5.22,85.98,3.84,3.42,0.12,0.34,16.13,1.65,0.15,0.93,2.0,1,0
STU20230272,82.37,12.21,52.65,27.29,48.93,18.23,69.25,24.4,2.32,0.52,1.62,13.78,5.04,1.15,0.29,2.83,1,1
STU20230273,86.48,1.97,69.83,3.55,68.65,5.3,69.07,3.88,2.76,0.13,0.38,14.53,2.1,0.36,0.29,3.5,1,0
STU20210274,95.3,1.85,69.3,4.63,66.07,2.94,61.8,4.79,2.61,0.1,0.29,12.8,1.85,0.12,0.71,2.0,1,0
STU20230275,75.77,23.5,59.32,22.39,49.1,19.2,62.28,17.55,2.28,0.31,0.93,22.45,6.96,0.93,0.49,3.17,1,1
STU20200276,96.92,4.2,70.58,3.99,70.35,5.24,68.58,4.62,2.79,0.1,0.31,14.15,1.45,0.19,-0.3,3.33,1,0
STU20230277,84.6,10.03,74.0,21.05,82.75,19.36,77.58,16.76,3.14,0.59,1.74,1.95,3.69,0.98,-0.33,2.0,0,1
STU20220278,98.4,1.87,83.87,2.31,81.95,6.14,82.8,4.27,3.31,0.15,0.49,17.12,1.91,0.06,0.67,2.67,1,0
STU20220279,73.35,23.21,94.67,9.23,83.7,20.04,84.42,17.54,3.47,0.5,1.48,15.97,10.77,1.41,0.5,1.67,1,1
STU20200280,88.73,1.96,65.77,5.59,64.35,5.05,62.72,5.01,2.56,0.1,0.3,22.6,1.9,0.3,0.21,2.67,1,0
STU20200281,81.28,2.51,60.13,2.16,54.38,2.48,56.23,5.42,2.26,0.1,0.27,20.67,1.7,0.26,-0.48,3.17,1,0
STU20230282,98.47,1.89,88.65,3.85,86.23,6.34,88.75,8.9,3.52,0.23,0.65,4.28,1.74,0.59,0.19,3.0,1,0
STU20200283,75.02,19.29,62.4,18.01,62.98,30.13,65.0,21.7,2.54,0.48,1.52,22.7,7.31,1.05,0.45,2.0,0,1
STU20230284,77.28,4.23,75.4,6.17,78.5,3.46,79.8,6.89,3.13,0.15,0.41,15.67,1.54,0.26,0.41,2.17,0,0
STU20210285,85.17,3.27,76.4,4.34,77.18,3.33,76.1,3.38,3.06,0.1,0.3,7.02,2.7,0.3,-0.05,1.83,1,0
STU20220286,65.68,11.08,46.95,22.81,38.9,26.58,43.1,27.12,1.7,0.54,1.48,17.22,7.15,0.43,-0.76,2.5,1,1
STU20230287,92.15,4.83,77.03,5.01,77.83,3.53,76.62,2.86,3.08,0.08,0.21,13.65,0.77,0.09,0.72,3.0,0,0
STU20230288,74.55,4.56,68.35,4.69,68.5,6.57,64.1,7.65,2.67,0.25,0.59,18.43,2.33,0.38,0.63,2.83,1,0
STU20220289,70.45,20.18,95.78,6.64,77.3,14.15,77.42,22.87,3.28,0.43,1.22,14.27,9.41,0.93,-0.23,1.83,1,1
STU20230290,60.83,3.58,75.62,3.84,76.65,6.37,77.55,2.56,3.07,0.15,0.46,19.88,1.01,0.39,0.22,2.33,1,0
STU20200291,84.18,3.49,78.58,4.55,82.1,3.55,78.88,6.91,3.2,0.13,0.36,17.52,2.67,0.17,0.34,3.33,0,0
STU20210292,83.37,13.59,60.62,20.41,72.37,20.62,57.98,16.28,2.55,0.39,1.19,3.45,4.3,0.54,0.03,3.33,1,1
STU20210293,88.13,13.0,55.62,8.33,68.57,20.81,68.82,15.36,2.62,0.43,1.07,18.88,4.61,0.93,0.43,2.17,1,1
STU20210294,83.63,11.53,70.6,20.49,65.12,18.64,74.62,22.86,2.81,0.45,1.36,8.62,4.91,1.36,-0.79,2.0,1,1
STU20200295,80.78,3.29,77.78,3.91,80.3,5.04,80.7,6.86,3.19,0.14,0.49,14.78,2.68,0.22,0.06,3.17,1,0
STU20220296,62.77,1.67,65.73,6.74,67.07,5.49,63.3,1.15,2.61,0.14,0.42,16.73,1.49,0.04,0.71,1.67,1,0
STU20210297,87.97,4.76,67.08,4.21,72.55,6.52,68.52,8.96,2.78,0.24,0.72,15.47,1.62,0.64,0.7,3.0,1,0
STU20230298,83.43,3.53,88.62,2.06,83.13,6.05,87.17,5.41,3.44,0.16,0.47,14.55,0.95,0.26,0.38,1.5,1,0
STU20210299,57.12,4.94,66.15,4.15,67.13,4.72,68.25,3.83,2.69,0.11,0.36,8.2,1.44,0.19,0.32,3.17,1,0
STU20210300,88.1,6.09,59.88,4.08,62.15,8.82,61.47,8.19,2.45,0.18,0.54,13.12,1.99,0.23,0.61,3.67,1,0
STU20230301,85.15,12.41,76.43,16.86,68.62,26.47,68.13,19.69,2.81,0.49,1.28,11.12,4.99,0.69,-0.79,3.33,0,1
STU20230302,75.88,3.19,60.97,4.45,58.87,5.0,60.32,5.98,2.4,0.15,0.39,14.38,1.58,0.02,-0.04,2.67,0,0
STU20200303,75.65,1.84,64.57,2.76,58.37,6.47,60.83,3.61,2.44,0.09,0.25,12.53,1.66,0.13,0.11,2.0,1,0
STU20220304,73.15,3.57,78.38,3.48,77.72,5.71,79.22,6.45,3.14,0.18,0.48,18.45,2.11,0.27,0.36,2.17,0,0
STU20200305,68.9,2.2,75.07,3.65,76.33,5.06,73.65,4.69,3.0,0.08,0.22,10.57,0.75,0.14,-0.12,1.17,1,0
STU20210306,75.28,21.13,74.8,16.51,63.85,25.88,78.97,15.65,2.91,0.6,1.51,17.53,4.98,1.39,-0.73,2.0,1,1
STU20210307,88.87,10.17,59.13,19.29,66.23,25.67,67.77,18.16,2.6,0.3,0.71,18.17,6.81,0.4,-0.77,1.67,1,1
STU20200308,83.52,5.93,56.43,6.11,58.33,5.49,55.97,7.94,2.28,0.25,0.62,25.45,1.14,0.33,0.51,2.0,1,0
STU20220309,60.95,4.09,72.55,3.56,77.02,4.49,73.0,6.98,2.97,0.16,0.5,16.42,1.19,0.11,0.69,2.33,1,0
STU20210310,86.85,3.15,92.38,4.49,94.3,4.82,91.53,2.02,3.71,0.1,0.28,27.22,1.69,0.12,-0.62,2.0,1,0
STU20200311,63.47,6.86,42.42,29.25,52.82,14.98,47.45,15.99,1.92,0.59,1.73,17.27,3.69,1.73,0.05,3.5,1,1
STU20220312,69.92,15.72,59.85,25.32,74.08,27.75,89.72,15.44,3.07,0.41,1.23,18.12,4.72,1.23,-0.55,3.17,1,1
STU20220313,65.8,11.88,50.98,11.54,66.98,28.64,49.52,18.77,2.24,0.64,1.81,4.2,5.81,0.42,-0.78,3.0,1,1
STU20210314,75.45,16.29,63.95,18.34,58.83,23.93,82.28,21.83,2.78,0.48,1.58,21.72,7.33,1.19,-0.11,2.5,1,1
STU20220315,64.32,14.75,65.65,13.28,69.25,21.5,88.55,11.25,3.04,0.52,1.6,16.78,8.98,0.94,0.46,1.83,1,1
STU20220316,77.72,2.36,56.43,1.6,52.98,3.22,60.28,2.83,2.27,0.09,0.3,17.25,2.05,0.3,-0.32,1.67,1,0
STU20210317,74.93,2.65,77.65,3.12,76.55,5.97,76.95,3.69,3.08,0.15,0.39,15.02,1.5,0.04,0.57,2.83,1,0
STU20230318,89.27,10.82,47.25,24.66,57.4,24.26,58.6,28.05,2.21,0.83,2.25,12.92,7.61,1.63,0.68,3.33,1,1
STU20200319,76.8,20.85,57.22,17.79,68.57,20.53,56.83,26.08,2.44,0.56,1.5,19.9,8.03,1.37,-0.06,3.5,1,1
STU20220320,66.13,2.73,84.53,3.66,82.37,4.96,82.28,2.9,3.32,0.13,0.39,11.27,0.48,0.39,0.21,2.5,1,0
STU20220321,91.7,3.7,77.08,1.79,73.62,2.29,75.43,3.0,3.01,0.05,0.16,8.28,1.64,0.14,0.45,1.83,1,0
STU20220322,71.02,4.8,70.92,4.16,71.67,4.58,72.78,4.22,2.88,0.13,0.34,9.48,1.96,0.1,0.71,3.0,0,0
STU20220323,74.6,17.33,65.77,24.2,63.22,23.22,83.97,15.9,2.88,0.7,2.06,13.28,8.16,1.44,0.4,1.67,1,1
STU20220324,83.23,3.3,72.95,4.62,73.92,2.89,74.35,2.77,2.96,0.05,0.14,14.57,2.52,0.08,-0.09,2.67,1,0
STU20210325,76.85,14.98,46.08,21.19,71.12,21.94,55.73,18.0,2.35,0.29,0.84,19.22,7.16,0.65,-0.29,1.67,1,1
STU20230326,80.77,3.78,77.02,5.81,74.85,4.04,76.37,4.64,3.04,0.17,0.46,11.75,1.81,0.36,0.22,2.83,1,0
STU20200327,90.6,3.9,53.12,3.9,55.22,5.15,55.28,5.23,2.19,0.15,0.46,13.72,2.47,0.28,0.22,2.17,1,0
STU20200328,77.62,3.62,80.03,2.89,73.17,11.21,78.2,5.54,3.08,0.23,0.61,15.47,1.61,0.49,0.57,2.17,1,0
STU20200329,73.18,2.73,74.52,5.46,70.95,5.83,71.6,2.22,2.88,0.15,0.43,27.47,0.85,0.18,0.12,1.5,1,0
STU20230330,92.88,2.64,97.17,3.32,98.58,1.57,97.68,3.72,3.92,0.09,0.24,17.23,3.69,0.12,0.22,2.5,0,0
STU20200331,78.07,12.55,77.83,18.13,79.43,21.44,71.52,20.92,3.04,0.44,1.41,16.18,3.7,1.41,-0.45,2.67,1,1
STU20200332,74.22,3.78,57.27,5.68,56.47,3.09,60.25,3.74,2.33,0.08,0.22,17.65,1.41,0.15,-0.66,1.67,1,0
STU20210333,88.63,1.68,68.35,2.4,69.23,3.58,73.85,3.77,2.84,0.05,0.16,17.15,2.41,0.07,-0.76,3.33,1,0
STU20230334,83.03,8.99,75.53,17.78,62.23,21.38,69.63,22.72,2.74,0.33,0.97,17.5,6.12,0.41,0.4,1.67,1,1
STU20230335,84.85,2.38,79.05,3.96,83.07,4.84,74.47,3.82,3.14,0.15,0.36,13.85,2.14,0.08,0.65,2.0,1,0
STU20200336,86.45,4.23,47.73,4.09,43.62,4.59,49.23,4.84,1.88,0.12,0.35,10.9,1.19,0.24,0.21,2.33,1,0
STU20200337,89.98,2.86,51.67,5.11,57.23,4.18,56.15,4.53,2.22,0.16,0.41,17.73,1.62,0.31,0.23,2.17,1,0
STU20230338,86.32,4.42,81.5,6.17,84.48,5.34,82.02,4.2,3.31,0.15,0.43,14.92,2.15,0.13,0.51,1.83,0,0
STU20230339,67.17,4.68,100.0,0.0,100.0,0.0,100.0,0.0,4.0,0.0,0.0,12.28,1.63,0.0,0.0,3.5,1,0
STU20200340,86.07,3.9,77.62,3.54,76.55,2.45,80.37,6.99,3.13,0.14,0.39,8.82,1.37,0.27,-0.7,1.33,1,0
STU20200341,91.7,4.03,78.13,2.11,74.67,5.68,73.33,9.35,3.0,0.18,0.49,10.67,1.65,0.17,0.42,2.17,1,0
STU20220342,82.78,4.47,64.38,7.34,61.88,4.64,63.9,4.87,2.53,0.17,0.45,25.98,1.67,0.01,0.55,1.33,0,0
STU20210343,61.02,5.08,70.73,4.31,71.32,7.18,70.47,4.79,2.83,0.19,0.6,15.72,2.05,0.13,0.65,3.17,1,0
STU20210344,85.25,1.96,59.83,2.99,60.22,4.58,58.2,6.5,2.37,0.15,0.4,10.75,1.63,0.31,0.44,1.67,1,0
STU20230345,60.02,16.2,65.07,20.48,78.12,19.76,74.9,14.7,2.94,0.47,1.27,14.48,2.55,1.27,0.52,2.33,1,1
STU20200346,88.55,2.35,83.13,1.83,81.33,6.96,78.12,3.62,3.22,0.11,0.32,4.62,1.25,0.04,0.26,2.33,1,0
STU20230347,99.08,1.44,75.35,5.82,78.63,8.74,78.0,3.22,3.1,0.15,0.43,12.92,1.1,0.38,-0.37,1.33,1,0
STU20230348,72.38,4.31,98.83,1.35,96.78,3.25,98.75,1.82,3.92,0.06,0.17,16.6,1.73,0.15,0.05,2.5,1,0
STU20200349,75.45,7.48,38.13,16.17,61.43,18.5,67.93,24.58,2.33,0.41,1.02,20.63,7.51,0.86,-0.47,2.5,1,1
STU20230350,80.85,1.73,76.92,3.65,77.55,7.47,74.13,4.2,3.04,0.16,0.45,19.3,3.11,0.35,-0.3,3.33,1,0
STU20220351,80.42,2.65,70.62,6.5,71.1,4.89,71.98,4.44,2.85,0.16,0.45,10.62,1.98,0.24,0.05,2.5,1,0
STU20200352,93.97,2.38,59.55,3.21,56.08,7.23,57.33,4.66,2.3,0.13,0.36,15.7,2.55,0.32,-0.4,2.33,1,0
STU20210353,76.9,10.64,84.85,11.01,77.37,21.82,84.93,15.39,3.29,0.42,1.13,15.07,7.85,0.82,0.38,2.0,0,1
STU20230354,81.9,18.95,49.48,25.06,57.12,19.63,60.52,21.46,2.26,0.54,1.57,12.18,6.33,0.66,-0.09,2.83,1,1
STU20230355,80.85,3.68,81.45,4.62,78.68,4.83,82.52,6.47,3.24,0.14,0.46,11.82,2.46,0.33,0.84,3.5,1,0
STU20200356,94.67,8.91,60.12,15.77,63.1,28.75,69.95,26.57,2.6,0.69,1.81,20.98,8.18,1.5,0.42,3.67,1,1
STU20230357,69.62,13.57,55.35,19.01,56.08,24.2,72.6,14.01,2.5,0.31,0.89,19.3,6.68,0.76,-0.1,2.33,0,1
STU20220358,89.1,4.39,55.23,5.68,58.07,4.34,56.83,4.3,2.28,0.12,0.35,14.4,1.92,0.24,0.35,2.0,0,0
STU20210359,100.0,0.0,69.38,5.22,67.12,6.99,69.73,5.91,2.75,0.19,0.49,13.75,2.77,0.46,0.0,2.0,1,0
STU20200360,73.13,3.96,68.27,2.89,69.45,6.22,66.57,3.43,2.72,0.11,0.28,12.88,1.25,0.16,-0.35,3.0,1,0
STU20200361,74.43,22.9,68.27,29.85,70.18,26.57,68.03,24.21,2.75,0.83,2.24,5.03,4.23,1.58,0.49,2.67,1,1
STU20200362,76.95,2.8,48.63,3.43,47.87,5.4,49.93,3.76,1.96,0.11,0.32,11.43,0.97,0.15,0.57,2.0,1,0
STU20230363,76.63,14.49,60.98,29.69,94.53,6.59,64.55,24.26,2.96,0.56,1.69,11.53,6.46,1.08,0.48,2.33,0,1
STU20230364,91.88,12.5,74.2,23.38,43.33,22.14,57.5,22.7,2.27,0.76,1.96,10.3,6.64,1.9,-0.33,3.0,1,1
STU20210365,81.77,3.98,66.25,2.25,65.75,2.34,62.52,3.62,2.58,0.08,0.27,23.13,2.27,0.14,-0.14,3.17,1,0
STU20220366,57.38,16.63,94.88,9.2,73.32,19.5,89.72,14.06,3.41,0.3,0.97,14.42,6.12,0.65,0.8,1.67,1,1
STU20200367,81.52,16.47,74.32,13.02,65.78,20.3,62.03,20.42,2.66,0.47,1.51,22.3,9.12,1.08,-0.11,1.5,1,1
STU20220368,63.8,13.8,72.83,17.41,59.67,19.25,92.2,10.01,3.04,0.47,1.39,12.35,4.37,0.88,-0.45,1.5,0,1
STU20230369,75.05,2.15,89.03,3.16,85.62,6.76,84.92,3.59,3.45,0.14,0.43,11.48,1.66,0.36,-0.01,2.5,1,0
STU20230370,86.03,2.27,78.27,2.44,81.23,2.98,82.78,4.99,3.25,0.06,0.16,26.2,1.47,0.12,-0.42,1.5,1,0
STU20210371,67.48,20.07,87.0,13.4,63.3,19.71,73.28,20.01,2.93,0.55,1.47,7.75,5.8,1.38,-0.54,2.17,1,1
STU20200372,90.03,2.43,58.18,3.04,63.28,5.5,63.05,2.89,2.48,0.13,0.35,18.12,1.92,0.35,-0.06,3.67,1,0
STU20220373,81.07,3.69,88.1,6.02,89.57,6.81,88.92,5.88,3.56,0.18,0.45,16.43,2.29,0.42,0.49,2.0,0,0
STU20230374,84.17,3.42,76.65,6.5,75.83,3.58,74.43,3.89,3.02,0.1,0.31,18.97,1.81,0.1,0.64,2.17,1,0
STU20230375,85.93,3.95,63.2,5.19,60.53,5.3,62.85,4.29,2.48,0.17,0.57,26.03,2.0,0.28,0.93,2.67,1,0
STU20200376,82.88,2.97,87.63,2.92,86.1,4.37,88.3,4.52,3.5,0.11,0.33,4.33,1.05,0.17,0.44,2.33,0,0
STU20230377,89.3,1.91,78.33,5.79,75.67,4.27,80.42,4.31,3.13,0.16,0.44,13.83,0.71,0.19,0.5,3.17,1,0
STU20200378,65.6,13.04,67.25,18.97,69.53,20.67,73.65,19.3,2.82,0.49,1.23,17.23,5.3,0.66,-0.28,2.0,1,1
STU20230379,77.63,20.11,71.13,20.88,62.12,14.39,88.85,12.77,3.0,0.41,1.14,10.85,6.54,1.07,-0.48,3.17,1,1
STU20210380,70.65,12.72,88.45,17.84,84.02,19.25,89.73,14.58,3.5,0.61,1.78,9.63,8.11,1.78,-0.14,2.5,0,1
STU20220381,86.52,3.24,96.5,2.06,94.83,4.97,93.43,5.71,3.79,0.16,0.41,10.47,1.62,0.1,0.64,2.33,1,0
STU20220382,79.78,3.46,60.68,2.76,60.48,2.58,60.72,4.71,2.43,0.1,0.28,12.55,1.96,0.1,0.58,2.83,1,0
STU20230383,96.87,3.89,69.58,3.77,74.02,4.22,70.48,6.8,2.86,0.17,0.46,13.53,2.03,0.34,0.8,2.0,1,0
STU20230384,75.72,3.56,77.38,3.04,76.3,2.9,76.72,5.24,3.07,0.09,0.26,10.52,1.85,0.14,-0.38,2.67,1,0
STU20230385,91.78,4.48,61.13,5.62,57.02,3.82,58.47,7.15,2.35,0.17,0.52,17.17,0.84,0.52,0.25,2.5,1,0
STU20230386,59.47,2.46,62.4,2.89,58.3,1.94,62.62,6.83,2.44,0.12,0.35,13.95,1.92,0.19,-0.26,2.67,1,0
STU20210387,93.98,4.63,71.67,5.51,71.15,5.36,67.55,3.83,2.8,0.14,0.43,6.97,1.74,-0.04,0.8,2.33,1,0
STU20210388,81.98,3.11,88.57,4.73,86.13,4.31,82.7,3.35,3.41,0.12,0.3,13.4,2.38,0.24,-0.24,3.17,1,0
STU20220389,74.0,2.64,63.05,3.26,60.4,3.28,64.43,4.7,2.5,0.11,0.36,9.85,2.11,0.07,0.26,1.83,1,0
STU20200390,81.17,13.3,68.47,16.7,80.57,21.32,67.68,15.89,2.9,0.57,1.5,12.57,6.06,1.18,-0.04,2.33,1,1
STU20210391,84.97,4.94,79.5,4.15,78.75,4.02,82.58,8.53,3.22,0.22,0.65,14.8,1.18,0.41,0.36,3.17,1,0
STU20220392,75.53,9.52,63.43,15.42,63.23,16.5,59.35,26.83,2.47,0.45,1.27,6.57,6.12,1.27,-0.85,2.33,1,1
STU20200393,72.72,3.09,73.7,4.68,74.65,4.31,76.28,5.99,3.0,0.16,0.46,14.92,2.43,0.08,0.82,2.83,1,0
STU20220394,73.5,3.97,94.5,5.53,94.0,3.12,97.03,4.54,3.81,0.1,0.28,20.35,2.55,0.0,0.21,2.33,1,0
STU20230395,81.28,16.27,81.77,12.97,63.3,18.02,43.97,18.56,2.41,0.31,0.91,5.3,5.4,0.43,0.61,3.0,1,1
STU20230396,80.17,3.52,72.12,4.81,72.32,5.35,75.25,5.95,2.94,0.14,0.39,26.87,1.32,0.31,0.03,1.5,1,0
STU20210397,88.7,2.72,75.23,3.19,75.92,7.13,75.52,3.81,3.02,0.09,0.26,11.67,2.1,0.23,0.04,2.0,1,0
STU20210398,90.58,3.62,63.07,3.24,67.32,3.32,68.3,4.25,2.66,0.05,0.13,15.57,0.39,0.08,0.38,2.83,1,0
STU20210399,80.87,1.55,75.5,2.98,71.63,7.55,73.33,4.02,2.93,0.17,0.5,24.98,0.66,0.26,-0.22,3.17,1,0
STU20230400,76.25,2.33,61.57,3.93,61.27,2.68,60.4,6.44,2.44,0.15,0.49,12.62,1.52,0.06,0.17,2.67,1,0
STU20200401,77.3,2.84,57.97,3.79,59.38,1.33,54.15,5.03,2.28,0.11,0.36,10.28,1.6,0.06,0.58,3.33,1,0
STU20210402,96.53,2.84,58.53,4.11,57.67,2.63,54.12,2.48,2.26,0.05,0.14,17.05,1.32,0.04,-0.25,1.83,1,0
STU20200403,69.5,4.35,70.18,6.55,69.37,6.55,73.1,10.37,2.84,0.25,0.79,13.37,1.92,0.22,0.39,1.17,1,0
STU20200404,78.7,3.12,60.55,3.44,59.47,5.15,61.17,8.26,2.42,0.15,0.46,13.07,1.42,0.33,-0.08,3.33,1,0
STU20220405,60.9,20.57,63.87,21.25,81.87,9.27,53.97,27.18,2.65,0.57,1.56,2.43,2.95,1.53,0.64,3.0,1,1
STU20200406,100.0,0.0,66.25,4.49,62.0,5.22,66.5,3.36,2.6,0.1,0.29,15.12,1.47,0.28,0.0,3.33,1,0
STU20220407,71.87,2.66,86.65,4.49,86.48,3.24,83.6,6.27,3.42,0.14,0.45,20.77,1.28,0.04,0.73,3.83,1,0
STU20200408,79.78,15.15,77.98,13.84,66.63,20.94,72.4,25.86,2.87,0.5,1.37,4.25,3.75,1.37,0.18,2.33,1,1
STU20230409,85.35,4.47,72.68,4.71,70.67,4.49,70.72,4.0,2.85,0.13,0.35,9.28,1.46,0.09,0.65,2.17,1,0
STU20200410,92.88,4.9,81.4,5.96,83.12,4.75,80.52,4.05,3.27,0.1,0.32,21.77,1.89,0.14,-0.27,2.83,1,0
STU20200411,76.67,3.1,60.55,4.1,61.72,7.26,60.65,5.65,2.44,0.19,0.58,15.37,0.98,0.05,0.57,1.83,1,0
STU20210412,67.93,3.8,75.85,5.89,78.65,5.11,75.35,3.55,3.06,0.14,0.39,20.85,1.45,0.15,0.45,1.5,0,0
STU20210413,91.22,3.24,88.83,4.95,91.67,3.95,90.72,2.45,3.62,0.06,0.19,12.57,2.19,0.02,-0.21,3.0,1,0
STU20220414,63.1,16.58,54.9,24.85,73.33,27.08,57.58,28.72,2.5,0.89,2.69,15.9,4.92,1.3,0.37,2.33,1,1
STU20230415,74.25,21.41,41.53,20.1,46.57,25.86,56.32,20.13,1.97,0.69,1.75,12.97,6.22,0.19,0.33,2.33,1,1
STU20200416,65.38,4.71,39.93,4.42,40.18,8.38,35.97,5.0,1.54,0.2,0.64,17.9,2.28,0.33,0.28,1.33,1,0
STU20220417,88.57,4.27,85.82,4.87,90.37,4.5,90.28,4.31,3.57,0.09,0.31,16.73,1.9,0.17,0.46,1.33,1,0
STU20220418,78.27,1.47,59.5,3.4,63.5,7.21,61.73,7.07,2.47,0.13,0.39,8.25,0.82,0.18,0.25,2.83,1,0
STU20210419,50.67,10.58,56.47,15.06,45.63,26.87,52.03,21.55,2.04,0.65,1.78,20.0,9.63,1.35,-0.44,2.0,1,1
STU20230420,85.08,2.9,79.57,1.99,81.12,5.03,80.98,2.05,3.23,0.07,0.25,7.62,1.36,0.11,0.42,2.5,1,0
STU20230421,70.23,4.31,79.55,4.7,80.45,6.13,79.92,2.65,3.2,0.08,0.21,7.88,1.39,0.1,-0.45,3.33,1,0
STU20230422,67.95,4.29,62.9,6.02,64.27,2.26,67.17,6.2,2.6,0.16,0.48,6.38,2.53,0.18,0.53,4.0,1,0
STU20210423,72.8,1.88,69.38,5.94,69.12,5.03,67.95,4.33,2.75,0.11,0.31,22.52,1.94,0.12,0.1,3.17,1,0
STU20220424,72.57,17.75,83.6,14.42,89.02,12.82,80.33,18.6,3.37,0.39,1.08,18.73,5.91,0.46,0.33,2.67,1,1
STU20210425,91.0,3.13,68.83,2.86,70.78,8.33,67.67,3.66,2.76,0.18,0.5,12.62,0.65,0.3,0.06,3.33,1,0
STU20230426,81.45,4.7,58.63,3.5,56.75,3.94,58.03,7.32,2.31,0.17,0.52,9.5,1.36,0.29,0.65,4.0,1,0
STU20230427,68.8,4.15,83.25,4.42,83.23,4.81,83.47,4.13,3.34,0.14,0.43,12.0,0.99,0.43,-0.65,3.5,1,0
STU20210428,74.72,3.13,79.15,3.63,76.15,6.6,72.02,6.48,3.01,0.1,0.3,19.12,1.93,0.23,0.69,3.17,1,0
STU20210429,90.72,1.49,85.22,5.83,84.03,3.7,87.67,7.61,3.43,0.13,0.39,11.43,0.79,0.2,-0.29,1.33,1,0
STU20210430,65.93,3.84,68.78,3.79,70.28,8.3,73.63,4.16,2.85,0.17,0.54,8.22,1.87,0.31,0.24,1.5,1,0
STU20210431,71.28,3.6,73.38,4.68,80.43,5.79,76.07,3.34,3.08,0.13,0.33,7.57,2.36,0.22,0.15,2.67,1,0
STU20220432,80.97,3.09,77.72,4.92,76.72,3.99,77.93,5.26,3.1,0.13,0.34,15.23,2.42,0.29,0.45,2.17,0,0
STU20210433,80.92,7.07,66.43,19.18,66.13,24.05,75.57,29.66,2.8,0.64,1.89,8.68,9.18,1.22,-0.02,3.33,1,1
STU20200434,90.38,4.3,63.32,4.17,65.33,6.12,64.6,5.96,2.58,0.16,0.39,18.57,2.05,0.31,0.4,1.5,0,0
STU20230435,70.52,18.97,79.5,20.85,48.2,13.54,66.22,24.9,2.53,0.29,0.98,11.32,9.38,0.7,0.6,1.0,1,1
STU20200436,91.4,5.7,62.8,3.98,63.63,4.84,61.22,6.74,2.5,0.18,0.58,8.57,2.35,0.1,0.9,3.17,1,0
STU20220437,85.15,3.1,64.0,3.1,59.6,4.3,61.33,3.67,2.45,0.07,0.21,10.67,1.97,0.19,-0.6,3.0,1,0
STU20230438,80.45,9.69,76.08,20.38,89.53,13.41,55.33,17.77,2.9,0.41,1.35,19.63,9.9,0.86,-0.28,2.83,1,1
STU20200439,77.53,3.12,84.92,3.08,87.87,3.62,81.8,2.81,3.39,0.09,0.23,15.27,1.74,0.13,-0.14,1.83,0,0
STU20210440,80.37,4.82,46.93,3.75,46.43,3.34,49.83,3.56,1.92,0.11,0.31,10.43,1.97,0.12,-0.05,2.83,1,0
STU20210441,71.95,5.67,76.2,4.21,74.53,5.21,71.22,6.49,2.94,0.18,0.53,22.42,1.25,0.08,0.9,1.83,1,0
STU20230442,82.6,3.63,78.9,3.94,77.9,4.81,76.75,5.67,3.11,0.14,0.44,14.92,1.01,0.18,0.69,2.67,0,0
STU20210443,98.27,1.83,70.62,3.03,72.72,6.77,75.22,3.76,2.93,0.08,0.2,21.03,1.12,0.13,0.22,1.5,1,0
STU20220444,66.72,11.16,66.25,19.83,68.32,22.21,52.62,22.88,2.46,0.49,1.36,23.28,5.78,1.36,-0.19,3.67,1,1
STU20230445,82.0,3.33,63.03,7.16,63.53,4.32,64.77,6.29,2.56,0.17,0.49,13.8,1.76,0.3,0.78,2.5,0,0
STU20230446,74.75,1.76,79.85,4.95,76.15,5.49,79.45,6.61,3.14,0.2,0.62,13.08,1.18,0.12,-0.36,3.0,0,0
STU20220447,88.3,2.11,67.3,4.97,64.75,4.21,71.87,4.62,2.73,0.08,0.22,16.1,1.79,0.09,0.54,2.0,1,0
STU20200448,99.7,0.67,73.07,3.41,70.07,5.38,70.42,4.15,2.84,0.12,0.37,12.77,1.21,0.2,0.83,2.0,1,0
STU20230449,74.3,2.63,70.6,2.74,68.52,6.84,66.12,4.82,2.72,0.18,0.55,13.37,2.0,0.14,0.44,1.83,0,0
STU20210450,64.63,3.02,82.52,4.58,80.98,4.02,83.57,2.02,3.3,0.12,0.39,24.1,1.24,0.14,0.18,2.17,1,0
STU20210451,73.1,3.19,98.97,0.82,95.78,5.06,95.68,4.33,3.86,0.07,0.23,22.0,2.99,0.15,-0.33,2.33,1,0
STU20230452,89.07,11.65,67.58,24.19,47.95,24.24,52.57,21.55,2.19,0.61,1.89,6.77,4.88,1.42,-0.23,1.67,1,1
STU20210453,82.18,3.98,82.5,3.31,84.63,7.22,82.37,9.19,3.33,0.2,0.61,16.15,2.62,0.03,0.8,3.0,1,0
STU20230454,81.18,2.34,62.13,3.07,63.4,7.15,64.85,3.38,2.55,0.14,0.44,8.07,2.13,0.3,0.84,2.17,1,0
STU20200455,78.6,14.68,73.37,18.09,54.12,23.07,79.63,20.95,2.77,0.6,1.77,20.3,6.81,0.72,0.35,1.83,1,1
STU20200456,83.92,3.87,60.38,4.49,61.2,2.81,62.08,2.58,2.45,0.09,0.23,14.37,0.99,0.2,0.99,2.33,1,0
STU20200457,99.92,0.19,45.77,6.24,44.97,6.31,44.33,4.72,1.8,0.14,0.4,14.9,2.03,0.36,-0.39,2.17,1,0
STU20220458,67.4,16.69,74.63,18.18,78.17,16.1,67.23,17.14,2.92,0.56,1.66,20.57,3.19,1.26,0.35,2.0,1,1
STU20220459,83.12,1.63,78.67,2.39,81.58,5.1,76.43,8.58,3.15,0.15,0.48,17.6,2.35,0.18,0.62,2.5,1,0
STU20200460,66.32,4.87,67.38,2.38,68.73,3.31,68.8,6.34,2.74,0.11,0.33,18.3,2.04,0.09,0.51,1.17,0,0
STU20210461,81.5,3.39,84.32,2.59,87.72,5.1,84.12,3.37,3.41,0.12,0.37,15.62,1.92,0.21,-0.19,2.0,0,0
STU20220462,82.08,10.96,59.98,16.84,45.52,26.94,67.63,13.33,2.32,0.52,1.58,19.65,12.39,0.81,-0.36,2.67,1,1
STU20230463,91.52,2.7,62.97,3.18,57.23,3.69,60.73,4.16,2.4,0.1,0.32,10.35,2.16,0.05,-0.02,1.83,1,0
STU20220464,76.02,17.69,70.58,26.01,76.45,20.86,74.7,21.45,2.97,0.72,1.76,14.38,12.84,1.73,0.21,2.33,1,1
STU20210465,95.0,2.41,53.33,5.14,53.8,5.06,54.97,4.67,2.17,0.12,0.42,10.67,1.86,0.23,-0.26,1.33,1,0
STU20210466,72.77,5.1,91.32,3.84,85.37,5.56,88.02,7.12,3.51,0.18,0.58,19.43,1.82,0.43,0.92,2.67,1,0
STU20210467,83.1,5.04,62.3,4.51,62.72,4.94,61.45,6.52,2.48,0.19,0.52,13.98,1.09,0.33,0.77,1.33,1,0
STU20230468,71.0,3.5,64.12,5.14,65.3,4.5,65.27,7.18,2.6,0.19,0.58,21.42,1.88,0.58,0.82,3.67,1,0
STU20220469,88.27,4.6,86.43,2.44,83.72,3.36,85.6,5.3,3.41,0.13,0.41,16.05,2.46,0.05,0.52,1.5,1,0
STU20230470,71.18,11.12,79.37,20.68,62.73,12.57,79.33,21.01,2.94,0.25,0.8,14.55,6.09,0.37,0.13,3.5,1,1
STU20220471,88.4,2.52,63.18,3.27,62.27,4.74,65.05,5.31,2.54,0.14,0.41,13.4,0.77,0.19,0.78,3.17,1,0
STU20220472,62.32,15.58,55.33,17.49,82.57,17.64,82.37,15.13,3.03,0.35,1.13,24.48,4.66,0.62,0.12,2.83,1,1
STU20220473,79.8,2.87,87.3,3.09,89.67,4.26,85.72,3.68,3.5,0.12,0.37,19.28,1.74,0.2,-0.13,3.0,1,0
STU20230474,77.5,4.03,50.02,4.69,49.98,4.0,46.58,6.3,1.95,0.14,0.35,2.0,0.0,0.19,0.52,2.17,1,0
STU20220475,63.85,3.15,54.88,2.63,57.5,4.77,58.17,4.27,2.28,0.1,0.3,14.27,1.89,0.15,0.89,1.0,0,0
STU20220476,87.13,10.3,59.2,22.12,56.73,23.12,68.75,18.65,2.48,0.52,1.65,6.32,3.72,1.25,-0.5,2.0,1,1
STU20210477,99.87,0.3,62.95,3.68,60.9,3.95,60.3,3.55,2.45,0.13,0.36,14.1,3.45,0.3,-0.21,3.0,1,0
STU20210478,88.7,10.4,80.22,12.1,65.27,18.61,74.77,19.73,2.91,0.34,1.11,8.05,4.7,1.11,-0.36,2.17,1,1
STU20200479,74.4,5.78,72.5,3.1,69.25,5.71,72.7,6.47,2.86,0.18,0.53,16.28,1.45,0.05,0.59,2.0,1,0
STU20230480,92.4,3.68,70.18,4.64,72.23,2.77,74.92,2.81,2.91,0.06,0.18,13.25,1.64,0.14,0.07,1.83,1,0
STU20200481,75.63,16.13,68.78,25.93,77.45,22.57,90.42,18.01,3.22,0.62,2.04,26.4,9.91,1.57,0.47,2.33,1,1
STU20200482,96.53,3.94,77.27,5.51,76.4,4.55,78.18,5.83,3.09,0.18,0.56,18.38,1.67,0.47,-0.11,2.67,1,0
STU20220483,96.58,1.99,78.73,5.09,77.18,7.17,77.8,7.04,3.11,0.22,0.7,7.13,1.8,0.46,0.86,1.5,0,0
STU20230484,76.97,2.92,80.57,8.94,86.4,8.42,80.23,6.16,3.3,0.25,0.65,18.07,1.35,0.19,0.4,3.0,1,0
STU20220485,84.35,3.53,81.42,4.46,85.08,2.69,84.68,4.7,3.36,0.1,0.32,10.38,2.5,0.27,-0.1,0.67,1,0
STU20230486,75.75,2.96,73.02,4.44,74.47,2.6,73.03,6.44,2.94,0.16,0.51,21.7,2.58,0.34,0.61,2.67,1,0
STU20200487,78.08,3.12,42.62,3.77,41.1,6.49,44.0,4.83,1.7,0.14,0.42,18.45,2.04,0.02,0.35,3.33,1,0
STU20210488,78.85,3.48,72.9,6.16,68.73,6.96,70.0,4.23,2.81,0.12,0.33,12.02,1.25,0.0,0.06,1.67,1,0
STU20210489,76.5,13.54,57.3,18.14,38.95,16.21,72.58,26.83,2.28,0.57,1.57,8.55,8.37,0.78,0.54,2.33,1,1
STU20220490,74.35,4.24,76.43,4.4,78.13,3.61,82.67,3.91,3.18,0.08,0.24,10.8,1.85,0.06,0.17,1.67,0,0
STU20220491,67.2,17.44,69.72,12.65,56.03,18.12,75.0,22.46,2.68,0.42,1.16,15.43,5.18,0.53,-0.08,3.5,1,1
STU20210492,93.9,3.92,95.23,3.88,95.13,3.29,96.67,3.95,3.83,0.11,0.33,9.65,1.52,0.11,0.4,3.33,1,0
STU20200493,77.05,16.49,65.32,26.03,56.72,16.38,76.97,21.63,2.68,0.47,1.54,13.2,12.75,1.08,-0.37,2.67,1,1
STU20200494,95.82,3.15,78.97,4.27,80.58,6.15,76.6,2.54,3.14,0.14,0.48,16.88,1.3,0.17,-0.15,2.33,0,0
STU20230495,77.13,2.1,79.62,7.13,80.48,5.86,79.1,4.65,3.19,0.15,0.36,20.97,1.5,0.04,-0.02,1.83,1,0
STU20200496,74.47,3.07,80.87,3.53,78.75,4.87,82.67,5.47,3.23,0.13,0.33,11.52,1.81,0.14,-0.61,1.83,1,0
STU20210497,94.45,2.43,60.07,3.56,62.45,3.47,60.68,3.89,2.45,0.05,0.11,2.68,0.98,0.11,-0.05,2.5,1,0
STU20220498,96.3,3.74,44.85,3.42,39.63,2.73,45.45,4.91,1.73,0.1,0.27,23.03,1.09,0.05,0.69,1.33,1,0
STU20210499,61.7,4.3,78.5,3.8,83.82,9.08,78.93,1.75,3.22,0.16,0.53,17.6,1.68,0.13,0.32,2.5,0,0
STU20220500,54.55,2.87,69.32,3.93,66.2,3.66,68.35,3.74,2.71,0.08,0.21,14.25,2.12,0.15,-0.09,1.67,1,0
